name;ht_mean;hist_g;chain
crop10.png;"[ 3.40228665e-03  1.89572604e+02  9.54390340e-01  2.09457239e+03
  2.45079031e-01  1.31284699e+02  8.18871694e+03  7.16611489e+00
  9.39272169e+00  4.44060390e-04  4.40500622e+00 -5.14154727e-01
  9.99222582e-01]";"[[ 0.]
 [ 0.]
 [ 0.]
 [ 0.]
 [ 0.]
 [ 0.]
 [ 0.]
 [ 0.]
 [ 0.]
 [ 0.]
 [ 0.]
 [ 6.]
 [ 9.]
 [16.]
 [15.]
 [34.]
 [60.]
 [51.]
 [42.]
 [39.]
 [22.]
 [15.]
 [14.]
 [11.]
 [15.]
 [13.]
 [10.]
 [10.]
 [ 6.]
 [ 8.]
 [19.]
 [ 6.]
 [11.]
 [13.]
 [11.]
 [15.]
 [12.]
 [13.]
 [10.]
 [ 7.]
 [ 8.]
 [ 6.]
 [ 3.]
 [ 7.]
 [ 8.]
 [ 4.]
 [ 5.]
 [ 7.]
 [11.]
 [ 2.]
 [ 7.]
 [ 9.]
 [ 5.]
 [ 2.]
 [ 4.]
 [ 8.]
 [ 6.]
 [ 4.]
 [ 5.]
 [10.]
 [ 1.]
 [ 3.]
 [ 6.]
 [ 1.]
 [ 2.]
 [ 3.]
 [ 4.]
 [ 2.]
 [ 6.]
 [ 2.]
 [ 1.]
 [ 6.]
 [ 4.]
 [ 4.]
 [ 2.]
 [ 2.]
 [ 1.]
 [ 2.]
 [ 5.]
 [ 2.]
 [ 2.]
 [ 5.]
 [ 2.]
 [ 3.]
 [ 3.]
 [ 6.]
 [ 4.]
 [ 5.]
 [ 4.]
 [ 2.]
 [ 6.]
 [ 3.]
 [ 2.]
 [ 6.]
 [ 1.]
 [ 2.]
 [ 3.]
 [ 2.]
 [ 1.]
 [ 2.]
 [ 1.]
 [ 3.]
 [ 2.]
 [ 7.]
 [ 4.]
 [ 1.]
 [ 3.]
 [ 1.]
 [ 3.]
 [ 1.]
 [ 5.]
 [ 2.]
 [ 2.]
 [ 4.]
 [ 1.]
 [ 0.]
 [ 2.]
 [ 5.]
 [ 1.]
 [ 1.]
 [ 3.]
 [ 2.]
 [ 4.]
 [ 3.]
 [ 0.]
 [ 3.]
 [ 1.]
 [ 4.]
 [ 5.]
 [ 2.]
 [ 4.]
 [ 0.]
 [ 5.]
 [ 3.]
 [ 3.]
 [ 5.]
 [ 0.]
 [ 1.]
 [ 2.]
 [ 1.]
 [ 0.]
 [ 3.]
 [ 2.]
 [ 2.]
 [ 3.]
 [ 2.]
 [ 4.]
 [ 3.]
 [ 2.]
 [ 2.]
 [ 2.]
 [ 1.]
 [ 3.]
 [ 2.]
 [ 3.]
 [ 3.]
 [ 3.]
 [ 1.]
 [ 5.]
 [ 3.]
 [ 3.]
 [ 4.]
 [ 6.]
 [ 6.]
 [10.]
 [ 8.]
 [ 8.]
 [12.]
 [12.]
 [23.]
 [19.]
 [ 2.]
 [ 1.]
 [ 0.]
 [ 0.]
 [ 0.]
 [ 0.]
 [ 0.]
 [ 0.]
 [ 0.]
 [ 0.]
 [ 0.]
 [ 0.]
 [ 0.]
 [ 0.]
 [ 0.]
 [ 0.]
 [ 0.]
 [ 0.]
 [ 0.]
 [ 0.]
 [ 0.]
 [ 0.]
 [ 0.]
 [ 0.]
 [ 0.]
 [ 0.]
 [ 0.]
 [ 0.]
 [ 0.]
 [ 0.]
 [ 0.]
 [ 0.]
 [ 0.]
 [ 0.]
 [ 0.]
 [ 0.]
 [ 0.]
 [ 0.]
 [ 0.]
 [ 0.]
 [ 0.]
 [ 0.]
 [ 0.]
 [ 0.]
 [ 0.]
 [ 0.]
 [ 0.]
 [ 0.]
 [ 0.]
 [ 0.]
 [ 0.]
 [ 0.]
 [ 0.]
 [ 0.]
 [ 0.]
 [ 0.]
 [ 0.]
 [ 0.]
 [ 0.]
 [ 0.]
 [ 0.]
 [ 0.]
 [ 0.]
 [ 0.]
 [ 0.]
 [ 0.]
 [ 0.]
 [ 0.]
 [ 0.]
 [ 0.]
 [ 0.]
 [ 0.]
 [ 0.]
 [ 0.]
 [ 0.]
 [ 0.]
 [ 0.]
 [ 0.]
 [ 0.]
 [ 0.]
 [ 0.]
 [ 0.]
 [ 0.]
 [ 0.]
 [ 0.]]";"(array([[[ 6, 29]],

       [[ 7, 29]],

       [[ 8, 29]],

       [[ 7, 29]]], dtype=int32), array([[[ 0, 25]],

       [[ 0, 26]],

       [[ 0, 27]],

       [[ 0, 28]],

       [[ 0, 29]],

       [[ 1, 29]],

       [[ 2, 29]],

       [[ 2, 28]],

       [[ 1, 27]],

       [[ 1, 26]]], dtype=int32), array([[[33, 18]],

       [[32, 19]],

       [[31, 19]],

       [[30, 20]],

       [[29, 21]],

       [[28, 22]],

       [[27, 23]],

       [[26, 24]],

       [[25, 24]],

       [[24, 24]],

       [[23, 25]],

       [[22, 25]],

       [[21, 26]],

       [[20, 26]],

       [[19, 27]],

       [[18, 28]],

       [[17, 29]],

       [[18, 29]],

       [[19, 29]],

       [[20, 29]],

       [[21, 29]],

       [[22, 29]],

       [[23, 29]],

       [[24, 29]],

       [[25, 29]],

       [[26, 29]],

       [[27, 29]],

       [[28, 29]],

       [[29, 29]],

       [[30, 29]],

       [[31, 29]],

       [[32, 29]],

       [[33, 29]],

       [[33, 28]],

       [[33, 27]],

       [[33, 26]],

       [[33, 25]],

       [[33, 24]],

       [[33, 23]],

       [[33, 22]],

       [[33, 21]],

       [[33, 20]],

       [[33, 19]]], dtype=int32), array([[[33,  4]],

       [[33,  5]],

       [[33,  6]],

       [[33,  7]],

       [[33,  6]],

       [[33,  5]]], dtype=int32), array([[[32,  0]],

       [[33,  1]],

       [[33,  0]]], dtype=int32), array([[[ 0,  0]],

       [[ 0,  1]],

       [[ 0,  2]],

       [[ 0,  3]],

       [[ 0,  4]],

       [[ 0,  5]],

       [[ 0,  6]],

       [[ 0,  7]],

       [[ 0,  8]],

       [[ 1,  7]],

       [[ 2,  7]],

       [[ 2,  6]],

       [[ 3,  5]],

       [[ 3,  4]],

       [[ 4,  3]],

       [[ 5,  3]],

       [[ 6,  3]],

       [[ 7,  2]],

       [[ 8,  2]],

       [[ 9,  1]],

       [[10,  1]],

       [[11,  0]],

       [[12,  0]],

       [[11,  0]],

       [[10,  0]],

       [[ 9,  0]],

       [[ 8,  0]],

       [[ 7,  0]],

       [[ 6,  0]],

       [[ 5,  0]],

       [[ 4,  0]],

       [[ 3,  0]],

       [[ 2,  0]],

       [[ 1,  0]]], dtype=int32))"
crop15.png;"[ 2.48258952e-03  1.90795758e+02  9.61383249e-01  2.48180260e+03
  2.37615020e-01  1.50395582e+02  9.73641464e+03  7.11458295e+00
  9.40501785e+00  4.34145203e-04  4.39447910e+00 -5.02962151e-01
  9.99082098e-01]";"[[ 0.]
 [ 0.]
 [ 0.]
 [ 0.]
 [ 0.]
 [ 0.]
 [ 0.]
 [ 0.]
 [ 1.]
 [ 0.]
 [ 0.]
 [ 5.]
 [ 8.]
 [ 4.]
 [ 7.]
 [18.]
 [24.]
 [32.]
 [30.]
 [23.]
 [19.]
 [28.]
 [26.]
 [21.]
 [22.]
 [38.]
 [29.]
 [23.]
 [24.]
 [16.]
 [18.]
 [22.]
 [12.]
 [10.]
 [ 4.]
 [ 7.]
 [ 7.]
 [ 4.]
 [ 2.]
 [ 5.]
 [ 5.]
 [ 4.]
 [ 3.]
 [ 4.]
 [ 5.]
 [ 7.]
 [ 3.]
 [ 4.]
 [ 3.]
 [ 4.]
 [ 4.]
 [ 3.]
 [ 4.]
 [ 4.]
 [ 3.]
 [ 3.]
 [ 1.]
 [ 3.]
 [ 2.]
 [ 2.]
 [ 9.]
 [ 3.]
 [ 4.]
 [ 3.]
 [ 1.]
 [ 2.]
 [ 4.]
 [ 1.]
 [ 5.]
 [ 1.]
 [ 4.]
 [ 0.]
 [ 1.]
 [ 2.]
 [ 4.]
 [ 1.]
 [ 3.]
 [ 1.]
 [ 2.]
 [ 0.]
 [ 2.]
 [ 1.]
 [ 1.]
 [ 2.]
 [ 2.]
 [ 4.]
 [ 6.]
 [ 2.]
 [ 1.]
 [ 2.]
 [ 3.]
 [ 0.]
 [ 2.]
 [ 4.]
 [ 1.]
 [ 3.]
 [ 2.]
 [ 3.]
 [ 0.]
 [ 1.]
 [ 1.]
 [ 4.]
 [ 3.]
 [ 0.]
 [ 2.]
 [ 1.]
 [ 3.]
 [ 0.]
 [ 3.]
 [ 5.]
 [ 1.]
 [ 3.]
 [ 3.]
 [ 3.]
 [ 2.]
 [ 1.]
 [ 2.]
 [ 7.]
 [ 1.]
 [ 2.]
 [ 1.]
 [ 5.]
 [ 0.]
 [ 3.]
 [ 4.]
 [ 1.]
 [ 0.]
 [ 3.]
 [ 4.]
 [ 4.]
 [ 2.]
 [ 7.]
 [ 4.]
 [ 4.]
 [ 5.]
 [ 3.]
 [ 2.]
 [ 4.]
 [ 1.]
 [ 5.]
 [ 5.]
 [ 2.]
 [ 6.]
 [ 2.]
 [ 2.]
 [ 4.]
 [ 3.]
 [ 3.]
 [ 2.]
 [ 2.]
 [ 2.]
 [ 9.]
 [ 7.]
 [ 4.]
 [ 6.]
 [ 1.]
 [ 4.]
 [ 2.]
 [ 3.]
 [ 9.]
 [ 5.]
 [ 8.]
 [ 6.]
 [ 7.]
 [ 9.]
 [ 7.]
 [17.]
 [ 8.]
 [10.]
 [22.]
 [20.]
 [20.]
 [ 6.]
 [ 1.]
 [ 0.]
 [ 0.]
 [ 0.]
 [ 0.]
 [ 0.]
 [ 0.]
 [ 0.]
 [ 0.]
 [ 0.]
 [ 0.]
 [ 0.]
 [ 0.]
 [ 0.]
 [ 0.]
 [ 0.]
 [ 0.]
 [ 0.]
 [ 0.]
 [ 0.]
 [ 0.]
 [ 0.]
 [ 0.]
 [ 0.]
 [ 0.]
 [ 0.]
 [ 0.]
 [ 0.]
 [ 0.]
 [ 0.]
 [ 0.]
 [ 0.]
 [ 0.]
 [ 0.]
 [ 0.]
 [ 0.]
 [ 0.]
 [ 0.]
 [ 0.]
 [ 0.]
 [ 0.]
 [ 0.]
 [ 0.]
 [ 0.]
 [ 0.]
 [ 0.]
 [ 0.]
 [ 0.]
 [ 0.]
 [ 0.]
 [ 0.]
 [ 0.]
 [ 0.]
 [ 0.]
 [ 0.]
 [ 0.]
 [ 0.]
 [ 0.]
 [ 0.]
 [ 0.]
 [ 0.]
 [ 0.]
 [ 0.]
 [ 0.]
 [ 0.]
 [ 0.]
 [ 0.]
 [ 0.]
 [ 0.]
 [ 0.]
 [ 0.]
 [ 0.]
 [ 0.]
 [ 0.]
 [ 0.]
 [ 0.]
 [ 0.]
 [ 0.]
 [ 0.]
 [ 0.]
 [ 0.]
 [ 0.]
 [ 0.]]";"(array([[[33, 22]],

       [[33, 23]],

       [[32, 24]],

       [[32, 25]],

       [[31, 26]],

       [[31, 27]],

       [[30, 28]],

       [[29, 28]],

       [[30, 28]],

       [[31, 28]],

       [[32, 28]],

       [[33, 28]],

       [[33, 27]],

       [[33, 26]],

       [[33, 25]],

       [[33, 24]],

       [[33, 23]]], dtype=int32), array([[[ 0, 20]],

       [[ 0, 21]],

       [[ 0, 22]],

       [[ 0, 23]],

       [[ 0, 24]],

       [[ 0, 25]],

       [[ 0, 26]],

       [[ 0, 27]],

       [[ 0, 28]],

       [[ 1, 28]],

       [[ 2, 28]],

       [[ 3, 28]],

       [[ 3, 27]],

       [[ 3, 26]],

       [[ 4, 25]],

       [[ 5, 26]],

       [[ 5, 27]],

       [[ 5, 28]],

       [[ 6, 28]],

       [[ 7, 28]],

       [[ 8, 28]],

       [[ 9, 28]],

       [[10, 28]],

       [[11, 28]],

       [[10, 28]],

       [[ 9, 27]],

       [[ 8, 26]],

       [[ 7, 25]],

       [[ 7, 24]],

       [[ 6, 23]],

       [[ 5, 24]],

       [[ 4, 24]],

       [[ 3, 23]],

       [[ 2, 22]],

       [[ 2, 21]],

       [[ 1, 20]]], dtype=int32), array([[[ 2, 24]],

       [[ 3, 23]],

       [[ 4, 24]],

       [[ 3, 25]]], dtype=int32), array([[[24,  0]],

       [[25,  1]],

       [[26,  1]],

       [[27,  2]],

       [[28,  3]],

       [[29,  3]],

       [[30,  4]],

       [[31,  5]],

       [[32,  6]],

       [[33,  7]],

       [[33,  8]],

       [[33,  7]],

       [[33,  6]],

       [[33,  5]],

       [[33,  4]],

       [[33,  3]],

       [[33,  2]],

       [[33,  1]],

       [[33,  0]],

       [[32,  0]],

       [[31,  0]],

       [[30,  0]],

       [[29,  0]],

       [[28,  0]],

       [[27,  0]],

       [[26,  0]],

       [[25,  0]]], dtype=int32), array([[[17,  0]],

       [[17,  1]],

       [[18,  0]]], dtype=int32), array([[[ 0,  0]],

       [[ 0,  1]],

       [[ 0,  2]],

       [[ 0,  3]],

       [[ 0,  4]],

       [[ 0,  5]],

       [[ 0,  6]],

       [[ 0,  7]],

       [[ 0,  8]],

       [[ 0,  9]],

       [[ 0, 10]],

       [[ 0, 11]],

       [[ 0, 12]],

       [[ 0, 13]],

       [[ 0, 14]],

       [[ 0, 15]],

       [[ 0, 16]],

       [[ 0, 17]],

       [[ 1, 16]],

       [[ 2, 15]],

       [[ 3, 15]],

       [[ 4, 15]],

       [[ 4, 14]],

       [[ 5, 13]],

       [[ 5, 12]],

       [[ 5, 11]],

       [[ 6, 10]],

       [[ 6,  9]],

       [[ 7,  8]],

       [[ 8,  7]],

       [[ 8,  6]],

       [[ 9,  5]],

       [[10,  4]],

       [[11,  3]],

       [[12,  2]],

       [[13,  1]],

       [[13,  0]],

       [[12,  0]],

       [[11,  0]],

       [[10,  0]],

       [[ 9,  0]],

       [[ 8,  0]],

       [[ 7,  0]],

       [[ 6,  0]],

       [[ 5,  0]],

       [[ 4,  0]],

       [[ 3,  0]],

       [[ 2,  0]],

       [[ 1,  0]]], dtype=int32))"
crop16.png;"[ 4.01833377e-03  1.09096374e+02  9.79409160e-01  2.66056217e+03
  3.11070022e-01  1.25083808e+02  1.05331523e+04  7.33732939e+00
  9.50282029e+00  6.28626449e-04  3.98468043e+00 -5.16225969e-01
  9.99303983e-01]";"[[  0.]
 [  0.]
 [  0.]
 [  0.]
 [  0.]
 [  0.]
 [  0.]
 [  3.]
 [ 20.]
 [ 46.]
 [ 98.]
 [ 88.]
 [ 69.]
 [100.]
 [ 91.]
 [ 66.]
 [ 69.]
 [ 53.]
 [ 51.]
 [ 38.]
 [ 32.]
 [ 28.]
 [ 25.]
 [ 26.]
 [ 21.]
 [ 19.]
 [ 19.]
 [ 14.]
 [ 13.]
 [ 11.]
 [ 17.]
 [ 10.]
 [ 12.]
 [ 20.]
 [  5.]
 [ 13.]
 [ 10.]
 [  8.]
 [  6.]
 [  8.]
 [ 10.]
 [ 13.]
 [  9.]
 [  7.]
 [ 10.]
 [  2.]
 [  9.]
 [  5.]
 [  9.]
 [  6.]
 [  5.]
 [  8.]
 [ 10.]
 [  6.]
 [  6.]
 [  5.]
 [  7.]
 [  6.]
 [  3.]
 [  7.]
 [  4.]
 [  6.]
 [  4.]
 [ 10.]
 [  5.]
 [  3.]
 [  2.]
 [  7.]
 [  3.]
 [  5.]
 [ 10.]
 [  3.]
 [  0.]
 [  3.]
 [  2.]
 [  6.]
 [  0.]
 [  5.]
 [  3.]
 [  1.]
 [  5.]
 [  5.]
 [  4.]
 [  9.]
 [  2.]
 [  5.]
 [  2.]
 [  7.]
 [  6.]
 [  5.]
 [  3.]
 [  3.]
 [  5.]
 [  4.]
 [  2.]
 [  4.]
 [  4.]
 [  8.]
 [  4.]
 [  5.]
 [  1.]
 [  6.]
 [  4.]
 [  4.]
 [  2.]
 [  4.]
 [  8.]
 [  2.]
 [  6.]
 [  5.]
 [  2.]
 [  3.]
 [  4.]
 [  6.]
 [  5.]
 [  4.]
 [  4.]
 [  6.]
 [  2.]
 [  2.]
 [  6.]
 [  6.]
 [  2.]
 [  5.]
 [  7.]
 [  5.]
 [  0.]
 [  5.]
 [  4.]
 [  9.]
 [  4.]
 [  2.]
 [  7.]
 [  3.]
 [  4.]
 [  5.]
 [  3.]
 [  8.]
 [  6.]
 [  8.]
 [  6.]
 [  4.]
 [  6.]
 [  5.]
 [  3.]
 [ 11.]
 [  8.]
 [  3.]
 [  4.]
 [  6.]
 [  3.]
 [ 12.]
 [ 11.]
 [  5.]
 [  7.]
 [ 12.]
 [  4.]
 [  9.]
 [ 15.]
 [ 18.]
 [  9.]
 [  9.]
 [ 10.]
 [ 13.]
 [ 15.]
 [ 21.]
 [ 16.]
 [ 24.]
 [ 28.]
 [ 23.]
 [ 22.]
 [ 17.]
 [  8.]
 [  1.]
 [  0.]
 [  1.]
 [  0.]
 [  0.]
 [  0.]
 [  0.]
 [  0.]
 [  0.]
 [  0.]
 [  0.]
 [  0.]
 [  0.]
 [  0.]
 [  0.]
 [  0.]
 [  0.]
 [  0.]
 [  0.]
 [  0.]
 [  0.]
 [  0.]
 [  0.]
 [  0.]
 [  0.]
 [  0.]
 [  0.]
 [  0.]
 [  0.]
 [  0.]
 [  0.]
 [  0.]
 [  0.]
 [  0.]
 [  0.]
 [  0.]
 [  0.]
 [  0.]
 [  0.]
 [  0.]
 [  0.]
 [  0.]
 [  0.]
 [  0.]
 [  0.]
 [  0.]
 [  0.]
 [  0.]
 [  0.]
 [  0.]
 [  0.]
 [  0.]
 [  0.]
 [  0.]
 [  0.]
 [  0.]
 [  0.]
 [  0.]
 [  0.]
 [  0.]
 [  0.]
 [  0.]
 [  0.]
 [  0.]
 [  0.]
 [  0.]
 [  0.]
 [  0.]
 [  0.]
 [  0.]
 [  0.]
 [  0.]
 [  0.]
 [  0.]
 [  0.]
 [  0.]
 [  0.]
 [  0.]
 [  0.]
 [  0.]
 [  0.]
 [  0.]
 [  0.]]";"(array([[[39, 38]],

       [[38, 39]],

       [[37, 39]],

       [[36, 40]],

       [[36, 41]],

       [[35, 42]],

       [[35, 43]],

       [[34, 44]],

       [[33, 45]],

       [[32, 46]],

       [[31, 46]],

       [[32, 46]],

       [[33, 46]],

       [[34, 46]],

       [[35, 46]],

       [[36, 46]],

       [[37, 46]],

       [[38, 46]],

       [[39, 46]],

       [[40, 46]],

       [[41, 46]],

       [[41, 45]],

       [[41, 44]],

       [[41, 43]],

       [[41, 42]],

       [[41, 41]],

       [[41, 40]],

       [[41, 39]],

       [[41, 38]],

       [[40, 38]]], dtype=int32), array([[[ 0, 25]],

       [[ 0, 26]],

       [[ 0, 27]],

       [[ 0, 28]],

       [[ 0, 29]],

       [[ 0, 30]],

       [[ 0, 31]],

       [[ 0, 32]],

       [[ 0, 33]],

       [[ 0, 34]],

       [[ 0, 35]],

       [[ 0, 36]],

       [[ 0, 37]],

       [[ 0, 38]],

       [[ 0, 39]],

       [[ 0, 40]],

       [[ 0, 41]],

       [[ 0, 42]],

       [[ 0, 43]],

       [[ 0, 44]],

       [[ 0, 45]],

       [[ 0, 46]],

       [[ 1, 46]],

       [[ 2, 46]],

       [[ 3, 46]],

       [[ 4, 46]],

       [[ 3, 45]],

       [[ 3, 44]],

       [[ 2, 43]],

       [[ 1, 42]],

       [[ 1, 41]],

       [[ 1, 40]],

       [[ 1, 39]],

       [[ 1, 38]],

       [[ 2, 37]],

       [[ 2, 36]],

       [[ 3, 35]],

       [[ 3, 34]],

       [[ 4, 33]],

       [[ 5, 32]],

       [[ 5, 31]],

       [[ 5, 30]],

       [[ 5, 29]],

       [[ 4, 28]],

       [[ 3, 27]],

       [[ 2, 27]],

       [[ 1, 26]]], dtype=int32), array([[[30,  0]],

       [[31,  1]],

       [[32,  2]],

       [[33,  3]],

       [[34,  4]],

       [[34,  5]],

       [[35,  6]],

       [[36,  7]],

       [[36,  8]],

       [[36,  9]],

       [[37, 10]],

       [[37, 11]],

       [[38, 12]],

       [[39, 11]],

       [[40, 10]],

       [[40,  9]],

       [[41,  8]],

       [[41,  7]],

       [[41,  6]],

       [[41,  5]],

       [[41,  4]],

       [[41,  3]],

       [[41,  2]],

       [[41,  1]],

       [[41,  0]],

       [[40,  0]],

       [[39,  0]],

       [[38,  0]],

       [[37,  0]],

       [[36,  0]],

       [[35,  0]],

       [[34,  0]],

       [[33,  0]],

       [[32,  0]],

       [[31,  0]]], dtype=int32), array([[[ 0,  0]],

       [[ 0,  1]],

       [[ 0,  2]],

       [[ 0,  3]],

       [[ 0,  4]],

       [[ 0,  5]],

       [[ 0,  6]],

       [[ 0,  7]],

       [[ 0,  8]],

       [[ 0,  9]],

       [[ 0, 10]],

       [[ 0, 11]],

       [[ 0, 12]],

       [[ 0, 13]],

       [[ 0, 14]],

       [[ 1, 13]],

       [[ 2, 12]],

       [[ 3, 11]],

       [[ 4, 11]],

       [[ 5, 11]],

       [[ 6, 10]],

       [[ 7,  9]],

       [[ 8,  8]],

       [[ 9,  8]],

       [[10,  7]],

       [[11,  7]],

       [[12,  6]],

       [[13,  6]],

       [[14,  5]],

       [[15,  5]],

       [[16,  4]],

       [[17,  4]],

       [[18,  3]],

       [[19,  3]],

       [[20,  3]],

       [[21,  2]],

       [[22,  1]],

       [[23,  1]],

       [[24,  0]],

       [[23,  0]],

       [[22,  0]],

       [[21,  0]],

       [[20,  0]],

       [[19,  0]],

       [[18,  0]],

       [[17,  0]],

       [[16,  0]],

       [[15,  0]],

       [[14,  0]],

       [[13,  0]],

       [[12,  0]],

       [[11,  0]],

       [[10,  0]],

       [[ 9,  0]],

       [[ 8,  0]],

       [[ 7,  0]],

       [[ 6,  0]],

       [[ 5,  0]],

       [[ 4,  0]],

       [[ 3,  0]],

       [[ 2,  0]],

       [[ 1,  0]]], dtype=int32))"
crop17.png;"[ 2.77020291e-03  1.11586689e+02  9.80442786e-01  2.85675299e+03
  2.88799971e-01  1.66056743e+02  1.13154253e+04  7.39062651e+00
  9.80656406e+00  5.69845184e-04  4.01439488e+00 -4.76051043e-01
  9.98850241e-01]";"[[  0.]
 [  0.]
 [  0.]
 [  0.]
 [  0.]
 [  0.]
 [  0.]
 [  0.]
 [  0.]
 [  0.]
 [  1.]
 [  0.]
 [  0.]
 [  1.]
 [  0.]
 [ 10.]
 [ 10.]
 [ 22.]
 [ 36.]
 [ 37.]
 [ 47.]
 [ 47.]
 [ 50.]
 [ 37.]
 [ 48.]
 [ 48.]
 [ 57.]
 [ 54.]
 [ 42.]
 [ 48.]
 [ 54.]
 [ 41.]
 [ 31.]
 [ 36.]
 [ 31.]
 [ 28.]
 [ 25.]
 [ 28.]
 [ 23.]
 [ 13.]
 [ 20.]
 [ 22.]
 [ 17.]
 [ 20.]
 [ 18.]
 [ 13.]
 [ 14.]
 [ 12.]
 [ 12.]
 [ 14.]
 [ 13.]
 [ 12.]
 [ 10.]
 [ 11.]
 [  7.]
 [ 16.]
 [ 11.]
 [ 12.]
 [  6.]
 [  9.]
 [  9.]
 [ 10.]
 [ 14.]
 [ 10.]
 [  8.]
 [  9.]
 [  8.]
 [ 10.]
 [  7.]
 [  5.]
 [  7.]
 [  9.]
 [  7.]
 [  2.]
 [  6.]
 [  3.]
 [  6.]
 [  5.]
 [  9.]
 [  6.]
 [  9.]
 [  2.]
 [  6.]
 [  4.]
 [  6.]
 [  4.]
 [  8.]
 [  0.]
 [  4.]
 [  3.]
 [  4.]
 [  1.]
 [  6.]
 [  5.]
 [  5.]
 [  1.]
 [  4.]
 [  3.]
 [  5.]
 [  4.]
 [  3.]
 [  4.]
 [  7.]
 [  4.]
 [  5.]
 [  2.]
 [  5.]
 [  4.]
 [  2.]
 [  2.]
 [  2.]
 [  5.]
 [  3.]
 [  3.]
 [  3.]
 [  4.]
 [  5.]
 [  3.]
 [  1.]
 [  1.]
 [  6.]
 [  2.]
 [  1.]
 [  7.]
 [  5.]
 [  3.]
 [  7.]
 [  4.]
 [  2.]
 [  6.]
 [  3.]
 [  3.]
 [  4.]
 [  2.]
 [  2.]
 [ 11.]
 [  7.]
 [  5.]
 [  7.]
 [  6.]
 [  3.]
 [  4.]
 [  9.]
 [  5.]
 [  3.]
 [  7.]
 [  4.]
 [  8.]
 [  5.]
 [  4.]
 [ 11.]
 [  2.]
 [  9.]
 [  5.]
 [  5.]
 [ 15.]
 [ 13.]
 [  6.]
 [  8.]
 [ 10.]
 [ 14.]
 [ 10.]
 [ 17.]
 [ 15.]
 [ 39.]
 [ 53.]
 [ 42.]
 [ 60.]
 [112.]
 [114.]
 [ 43.]
 [ 17.]
 [  2.]
 [  1.]
 [  0.]
 [  0.]
 [  0.]
 [  0.]
 [  0.]
 [  0.]
 [  0.]
 [  0.]
 [  0.]
 [  0.]
 [  0.]
 [  0.]
 [  0.]
 [  0.]
 [  0.]
 [  0.]
 [  0.]
 [  0.]
 [  0.]
 [  0.]
 [  0.]
 [  0.]
 [  0.]
 [  0.]
 [  0.]
 [  0.]
 [  0.]
 [  0.]
 [  0.]
 [  0.]
 [  0.]
 [  0.]
 [  0.]
 [  0.]
 [  0.]
 [  0.]
 [  0.]
 [  0.]
 [  0.]
 [  0.]
 [  0.]
 [  0.]
 [  0.]
 [  0.]
 [  0.]
 [  0.]
 [  0.]
 [  0.]
 [  0.]
 [  0.]
 [  0.]
 [  0.]
 [  0.]
 [  0.]
 [  0.]
 [  0.]
 [  0.]
 [  0.]
 [  0.]
 [  0.]
 [  0.]
 [  0.]
 [  0.]
 [  0.]
 [  0.]
 [  0.]
 [  0.]
 [  0.]
 [  0.]
 [  0.]
 [  0.]
 [  0.]
 [  0.]
 [  0.]
 [  0.]
 [  0.]
 [  0.]
 [  0.]
 [  0.]
 [  0.]
 [  0.]
 [  0.]]";"(array([[[43, 22]],

       [[43, 23]],

       [[43, 24]],

       [[42, 25]],

       [[42, 26]],

       [[42, 27]],

       [[41, 28]],

       [[41, 29]],

       [[40, 30]],

       [[40, 31]],

       [[39, 32]],

       [[38, 33]],

       [[37, 33]],

       [[36, 34]],

       [[35, 35]],

       [[34, 35]],

       [[33, 35]],

       [[32, 36]],

       [[31, 36]],

       [[30, 36]],

       [[29, 37]],

       [[28, 37]],

       [[27, 38]],

       [[26, 39]],

       [[25, 39]],

       [[24, 40]],

       [[23, 40]],

       [[22, 40]],

       [[21, 41]],

       [[20, 42]],

       [[19, 43]],

       [[18, 43]],

       [[18, 44]],

       [[17, 45]],

       [[16, 46]],

       [[15, 47]],

       [[14, 48]],

       [[13, 49]],

       [[12, 50]],

       [[13, 50]],

       [[14, 50]],

       [[15, 50]],

       [[16, 50]],

       [[17, 50]],

       [[18, 50]],

       [[19, 50]],

       [[20, 50]],

       [[21, 50]],

       [[22, 50]],

       [[23, 50]],

       [[24, 50]],

       [[25, 50]],

       [[26, 50]],

       [[27, 50]],

       [[28, 50]],

       [[29, 50]],

       [[30, 50]],

       [[31, 50]],

       [[32, 50]],

       [[33, 50]],

       [[34, 50]],

       [[35, 50]],

       [[36, 50]],

       [[37, 50]],

       [[38, 50]],

       [[39, 50]],

       [[40, 50]],

       [[41, 50]],

       [[42, 50]],

       [[43, 50]],

       [[43, 49]],

       [[43, 48]],

       [[43, 47]],

       [[43, 46]],

       [[43, 45]],

       [[43, 44]],

       [[43, 43]],

       [[43, 42]],

       [[43, 41]],

       [[43, 40]],

       [[43, 39]],

       [[43, 38]],

       [[43, 37]],

       [[43, 36]],

       [[43, 35]],

       [[43, 34]],

       [[43, 33]],

       [[43, 32]],

       [[43, 31]],

       [[43, 30]],

       [[43, 29]],

       [[43, 28]],

       [[43, 27]],

       [[43, 26]],

       [[43, 25]],

       [[43, 24]],

       [[43, 23]]], dtype=int32), array([[[38,  0]],

       [[39,  0]],

       [[40,  1]],

       [[41,  1]],

       [[42,  2]],

       [[43,  3]],

       [[43,  2]],

       [[43,  1]],

       [[43,  0]],

       [[42,  0]],

       [[41,  0]],

       [[40,  0]],

       [[39,  0]]], dtype=int32), array([[[ 0,  0]],

       [[ 0,  1]],

       [[ 0,  2]],

       [[ 0,  3]],

       [[ 0,  4]],

       [[ 0,  5]],

       [[ 0,  6]],

       [[ 0,  7]],

       [[ 0,  8]],

       [[ 0,  9]],

       [[ 0, 10]],

       [[ 0, 11]],

       [[ 0, 12]],

       [[ 0, 13]],

       [[ 0, 14]],

       [[ 0, 15]],

       [[ 0, 16]],

       [[ 0, 17]],

       [[ 0, 18]],

       [[ 0, 19]],

       [[ 0, 20]],

       [[ 0, 21]],

       [[ 0, 22]],

       [[ 0, 23]],

       [[ 0, 24]],

       [[ 0, 25]],

       [[ 0, 26]],

       [[ 0, 27]],

       [[ 0, 26]],

       [[ 1, 25]],

       [[ 2, 24]],

       [[ 2, 23]],

       [[ 2, 22]],

       [[ 3, 21]],

       [[ 2, 20]],

       [[ 3, 19]],

       [[ 4, 19]],

       [[ 4, 18]],

       [[ 4, 17]],

       [[ 4, 16]],

       [[ 5, 15]],

       [[ 5, 14]],

       [[ 6, 13]],

       [[ 6, 12]],

       [[ 7, 11]],

       [[ 8, 10]],

       [[ 9,  9]],

       [[10,  8]],

       [[11,  8]],

       [[12,  7]],

       [[13,  7]],

       [[14,  7]],

       [[15,  6]],

       [[16,  6]],

       [[17,  6]],

       [[18,  6]],

       [[19,  6]],

       [[20,  6]],

       [[21,  6]],

       [[22,  5]],

       [[23,  5]],

       [[23,  4]],

       [[24,  3]],

       [[25,  3]],

       [[25,  2]],

       [[26,  1]],

       [[27,  0]],

       [[26,  0]],

       [[25,  0]],

       [[24,  0]],

       [[23,  0]],

       [[22,  0]],

       [[21,  0]],

       [[20,  0]],

       [[19,  0]],

       [[18,  0]],

       [[17,  0]],

       [[16,  0]],

       [[15,  0]],

       [[14,  0]],

       [[13,  0]],

       [[12,  0]],

       [[11,  0]],

       [[10,  0]],

       [[ 9,  0]],

       [[ 8,  0]],

       [[ 7,  0]],

       [[ 6,  0]],

       [[ 5,  0]],

       [[ 4,  0]],

       [[ 3,  0]],

       [[ 2,  0]],

       [[ 1,  0]]], dtype=int32))"
crop19.png;"[ 1.02396820e-03  1.98040573e+02  9.33198060e-01  1.48839953e+03
  1.49623798e-01  1.81521953e+02  5.75555755e+03  7.58143122e+00
  1.01983983e+01  3.02590694e-04  4.63561937e+00 -4.82011894e-01
  9.99219145e-01]";"[[ 0.]
 [ 0.]
 [ 0.]
 [ 0.]
 [ 0.]
 [ 0.]
 [ 0.]
 [ 0.]
 [ 0.]
 [ 0.]
 [ 0.]
 [ 0.]
 [ 0.]
 [ 0.]
 [ 0.]
 [ 0.]
 [ 0.]
 [ 0.]
 [ 0.]
 [ 0.]
 [ 0.]
 [ 0.]
 [ 0.]
 [ 0.]
 [ 0.]
 [ 0.]
 [ 0.]
 [ 0.]
 [ 2.]
 [ 0.]
 [ 0.]
 [ 0.]
 [ 1.]
 [ 2.]
 [ 1.]
 [ 5.]
 [ 5.]
 [ 6.]
 [ 4.]
 [ 8.]
 [10.]
 [ 9.]
 [10.]
 [11.]
 [11.]
 [14.]
 [16.]
 [14.]
 [14.]
 [12.]
 [23.]
 [11.]
 [22.]
 [12.]
 [13.]
 [ 8.]
 [ 8.]
 [12.]
 [11.]
 [14.]
 [16.]
 [ 5.]
 [12.]
 [10.]
 [ 6.]
 [11.]
 [ 7.]
 [12.]
 [11.]
 [13.]
 [11.]
 [11.]
 [ 6.]
 [11.]
 [ 4.]
 [12.]
 [10.]
 [ 4.]
 [16.]
 [ 9.]
 [10.]
 [10.]
 [ 8.]
 [ 8.]
 [ 8.]
 [ 7.]
 [ 2.]
 [ 4.]
 [ 9.]
 [ 7.]
 [ 3.]
 [ 3.]
 [ 6.]
 [ 5.]
 [ 8.]
 [ 2.]
 [ 6.]
 [ 6.]
 [ 4.]
 [ 2.]
 [ 5.]
 [ 4.]
 [ 6.]
 [ 3.]
 [ 3.]
 [ 3.]
 [ 4.]
 [ 4.]
 [ 4.]
 [ 6.]
 [ 3.]
 [ 1.]
 [ 5.]
 [ 2.]
 [ 3.]
 [ 6.]
 [ 3.]
 [ 6.]
 [ 2.]
 [10.]
 [ 6.]
 [ 4.]
 [ 5.]
 [ 3.]
 [ 2.]
 [ 0.]
 [ 4.]
 [ 3.]
 [ 1.]
 [ 1.]
 [ 3.]
 [ 3.]
 [ 6.]
 [ 0.]
 [ 4.]
 [ 1.]
 [ 2.]
 [ 5.]
 [ 2.]
 [ 3.]
 [ 7.]
 [ 3.]
 [ 2.]
 [ 3.]
 [ 0.]
 [ 2.]
 [ 6.]
 [ 6.]
 [ 9.]
 [ 2.]
 [ 4.]
 [ 2.]
 [ 2.]
 [10.]
 [ 6.]
 [ 5.]
 [ 7.]
 [12.]
 [15.]
 [14.]
 [ 7.]
 [15.]
 [ 6.]
 [13.]
 [15.]
 [16.]
 [ 9.]
 [ 5.]
 [ 8.]
 [ 4.]
 [ 0.]
 [ 0.]
 [ 0.]
 [ 0.]
 [ 0.]
 [ 0.]
 [ 0.]
 [ 0.]
 [ 0.]
 [ 0.]
 [ 0.]
 [ 0.]
 [ 0.]
 [ 0.]
 [ 0.]
 [ 0.]
 [ 0.]
 [ 0.]
 [ 0.]
 [ 0.]
 [ 0.]
 [ 0.]
 [ 0.]
 [ 0.]
 [ 0.]
 [ 0.]
 [ 0.]
 [ 0.]
 [ 0.]
 [ 0.]
 [ 0.]
 [ 0.]
 [ 0.]
 [ 0.]
 [ 0.]
 [ 0.]
 [ 0.]
 [ 0.]
 [ 0.]
 [ 0.]
 [ 0.]
 [ 0.]
 [ 0.]
 [ 0.]
 [ 0.]
 [ 0.]
 [ 0.]
 [ 0.]
 [ 0.]
 [ 0.]
 [ 0.]
 [ 0.]
 [ 0.]
 [ 0.]
 [ 0.]
 [ 0.]
 [ 0.]
 [ 0.]
 [ 0.]
 [ 0.]
 [ 0.]
 [ 0.]
 [ 0.]
 [ 0.]
 [ 0.]
 [ 0.]
 [ 0.]
 [ 0.]
 [ 0.]
 [ 0.]
 [ 0.]
 [ 0.]
 [ 0.]
 [ 0.]
 [ 0.]
 [ 0.]
 [ 0.]
 [ 0.]
 [ 0.]
 [ 0.]
 [ 0.]
 [ 0.]
 [ 0.]
 [ 0.]
 [ 0.]
 [ 0.]]";"(array([[[ 0, 26]],

       [[ 0, 27]],

       [[ 0, 28]],

       [[ 0, 29]],

       [[ 0, 30]],

       [[ 0, 31]],

       [[ 1, 31]],

       [[ 2, 31]],

       [[ 3, 31]],

       [[ 4, 31]],

       [[ 3, 30]],

       [[ 2, 29]],

       [[ 1, 28]],

       [[ 0, 27]]], dtype=int32), array([[[29, 19]],

       [[29, 20]],

       [[29, 21]],

       [[28, 22]],

       [[27, 23]],

       [[27, 24]],

       [[27, 25]],

       [[26, 26]],

       [[25, 26]],

       [[25, 27]],

       [[24, 28]],

       [[23, 28]],

       [[22, 29]],

       [[21, 29]],

       [[20, 30]],

       [[19, 30]],

       [[18, 31]],

       [[17, 31]],

       [[16, 31]],

       [[17, 31]],

       [[18, 31]],

       [[19, 31]],

       [[20, 31]],

       [[21, 31]],

       [[22, 31]],

       [[23, 31]],

       [[24, 31]],

       [[25, 31]],

       [[26, 31]],

       [[27, 31]],

       [[28, 31]],

       [[29, 31]],

       [[29, 30]],

       [[29, 29]],

       [[29, 28]],

       [[29, 27]],

       [[29, 26]],

       [[29, 25]],

       [[29, 24]],

       [[29, 23]],

       [[29, 22]],

       [[29, 21]],

       [[29, 20]]], dtype=int32), array([[[24,  0]],

       [[25,  0]],

       [[26,  1]],

       [[27,  1]],

       [[28,  2]],

       [[29,  3]],

       [[29,  4]],

       [[29,  3]],

       [[29,  2]],

       [[29,  1]],

       [[29,  0]],

       [[28,  0]],

       [[27,  0]],

       [[26,  0]],

       [[25,  0]]], dtype=int32), array([[[ 0,  0]],

       [[ 0,  1]],

       [[ 0,  2]],

       [[ 0,  3]],

       [[ 0,  4]],

       [[ 0,  5]],

       [[ 0,  6]],

       [[ 0,  7]],

       [[ 0,  8]],

       [[ 0,  9]],

       [[ 0, 10]],

       [[ 0, 11]],

       [[ 0, 12]],

       [[ 0, 13]],

       [[ 0, 14]],

       [[ 0, 15]],

       [[ 0, 16]],

       [[ 0, 17]],

       [[ 0, 18]],

       [[ 0, 19]],

       [[ 0, 20]],

       [[ 0, 21]],

       [[ 0, 20]],

       [[ 1, 19]],

       [[ 1, 18]],

       [[ 2, 17]],

       [[ 2, 16]],

       [[ 3, 15]],

       [[ 3, 14]],

       [[ 4, 13]],

       [[ 4, 12]],

       [[ 5, 11]],

       [[ 6, 10]],

       [[ 6,  9]],

       [[ 7,  8]],

       [[ 8,  7]],

       [[ 8,  6]],

       [[ 9,  5]],

       [[10,  4]],

       [[11,  3]],

       [[12,  2]],

       [[13,  1]],

       [[14,  0]],

       [[15,  0]],

       [[14,  0]],

       [[13,  0]],

       [[12,  0]],

       [[11,  0]],

       [[10,  0]],

       [[ 9,  0]],

       [[ 8,  0]],

       [[ 7,  0]],

       [[ 6,  0]],

       [[ 5,  0]],

       [[ 4,  0]],

       [[ 3,  0]],

       [[ 2,  0]],

       [[ 1,  0]]], dtype=int32))"
crop24.png;"[ 2.20164949e-03  1.21509019e+02  9.69689054e-01  2.01552480e+03
  2.89218623e-01  1.28748144e+02  7.94059020e+03  7.50094398e+00
  1.01783308e+01  5.83926518e-04  4.04326286e+00 -4.45432947e-01
  9.98453951e-01]";"[[  0.]
 [  0.]
 [  0.]
 [  0.]
 [  0.]
 [  0.]
 [  0.]
 [  2.]
 [  2.]
 [  5.]
 [  7.]
 [  8.]
 [ 28.]
 [121.]
 [135.]
 [110.]
 [ 70.]
 [ 43.]
 [ 54.]
 [ 54.]
 [ 60.]
 [ 56.]
 [ 62.]
 [ 61.]
 [ 61.]
 [ 59.]
 [ 68.]
 [ 73.]
 [ 92.]
 [ 71.]
 [ 50.]
 [ 51.]
 [ 56.]
 [ 45.]
 [ 51.]
 [ 53.]
 [ 64.]
 [ 46.]
 [ 41.]
 [ 35.]
 [ 27.]
 [ 23.]
 [ 29.]
 [ 23.]
 [ 24.]
 [ 15.]
 [ 19.]
 [ 20.]
 [ 30.]
 [ 22.]
 [ 32.]
 [ 16.]
 [ 21.]
 [ 14.]
 [ 26.]
 [ 13.]
 [ 15.]
 [ 15.]
 [ 22.]
 [ 21.]
 [ 18.]
 [ 14.]
 [ 16.]
 [ 16.]
 [ 12.]
 [ 13.]
 [  7.]
 [  7.]
 [  9.]
 [  7.]
 [  9.]
 [  9.]
 [ 10.]
 [ 13.]
 [ 12.]
 [  9.]
 [ 14.]
 [ 11.]
 [  8.]
 [  7.]
 [  6.]
 [  8.]
 [  5.]
 [  7.]
 [  4.]
 [  3.]
 [  7.]
 [ 12.]
 [  6.]
 [  6.]
 [  9.]
 [  5.]
 [  8.]
 [  5.]
 [  7.]
 [  7.]
 [ 10.]
 [  4.]
 [  7.]
 [  4.]
 [  5.]
 [  3.]
 [  7.]
 [  4.]
 [  3.]
 [  7.]
 [  8.]
 [  9.]
 [  7.]
 [  4.]
 [  2.]
 [  7.]
 [  6.]
 [  7.]
 [  7.]
 [ 11.]
 [  9.]
 [ 10.]
 [  3.]
 [  9.]
 [  4.]
 [  6.]
 [  6.]
 [  4.]
 [  3.]
 [  8.]
 [  6.]
 [  3.]
 [  4.]
 [  7.]
 [  5.]
 [  7.]
 [  4.]
 [  9.]
 [  7.]
 [  6.]
 [  7.]
 [  9.]
 [  9.]
 [  7.]
 [ 10.]
 [  5.]
 [  3.]
 [  3.]
 [ 11.]
 [  9.]
 [  2.]
 [ 12.]
 [ 12.]
 [  8.]
 [  6.]
 [ 10.]
 [  6.]
 [ 12.]
 [ 19.]
 [ 15.]
 [ 12.]
 [ 19.]
 [ 13.]
 [ 23.]
 [ 18.]
 [ 30.]
 [ 40.]
 [ 60.]
 [ 53.]
 [ 43.]
 [ 51.]
 [ 19.]
 [  5.]
 [  8.]
 [  1.]
 [  1.]
 [  0.]
 [  0.]
 [  0.]
 [  0.]
 [  0.]
 [  0.]
 [  0.]
 [  0.]
 [  0.]
 [  0.]
 [  0.]
 [  0.]
 [  0.]
 [  0.]
 [  0.]
 [  0.]
 [  0.]
 [  0.]
 [  0.]
 [  0.]
 [  0.]
 [  0.]
 [  0.]
 [  0.]
 [  0.]
 [  0.]
 [  0.]
 [  0.]
 [  0.]
 [  0.]
 [  0.]
 [  0.]
 [  0.]
 [  0.]
 [  0.]
 [  0.]
 [  0.]
 [  0.]
 [  0.]
 [  0.]
 [  0.]
 [  0.]
 [  0.]
 [  0.]
 [  0.]
 [  0.]
 [  0.]
 [  0.]
 [  0.]
 [  0.]
 [  0.]
 [  0.]
 [  0.]
 [  0.]
 [  0.]
 [  0.]
 [  0.]
 [  0.]
 [  0.]
 [  0.]
 [  0.]
 [  0.]
 [  0.]
 [  0.]
 [  0.]
 [  0.]
 [  0.]
 [  0.]
 [  0.]
 [  0.]
 [  0.]
 [  0.]
 [  0.]
 [  0.]
 [  0.]
 [  0.]
 [  0.]
 [  0.]
 [  0.]
 [  0.]
 [  0.]
 [  0.]
 [  0.]
 [  0.]]";"(array([[[59, 26]],

       [[58, 27]],

       [[57, 28]],

       [[56, 29]],

       [[56, 30]],

       [[56, 31]],

       [[56, 32]],

       [[57, 32]],

       [[58, 32]],

       [[59, 32]],

       [[60, 33]],

       [[61, 34]],

       [[62, 34]],

       [[63, 35]],

       [[63, 36]],

       [[63, 37]],

       [[63, 38]],

       [[63, 39]],

       [[62, 40]],

       [[62, 41]],

       [[62, 42]],

       [[61, 43]],

       [[60, 44]],

       [[59, 45]],

       [[58, 46]],

       [[57, 46]],

       [[56, 46]],

       [[55, 45]],

       [[54, 44]],

       [[53, 43]],

       [[53, 42]],

       [[53, 41]],

       [[52, 41]],

       [[51, 41]],

       [[50, 42]],

       [[49, 42]],

       [[48, 43]],

       [[47, 44]],

       [[46, 44]],

       [[45, 45]],

       [[44, 45]],

       [[43, 45]],

       [[42, 46]],

       [[41, 46]],

       [[40, 46]],

       [[39, 46]],

       [[38, 47]],

       [[39, 47]],

       [[40, 47]],

       [[41, 47]],

       [[42, 47]],

       [[43, 47]],

       [[44, 47]],

       [[45, 47]],

       [[46, 47]],

       [[47, 47]],

       [[48, 47]],

       [[49, 47]],

       [[50, 47]],

       [[51, 47]],

       [[52, 47]],

       [[53, 47]],

       [[54, 47]],

       [[55, 47]],

       [[56, 47]],

       [[57, 47]],

       [[58, 47]],

       [[59, 47]],

       [[60, 47]],

       [[61, 47]],

       [[62, 47]],

       [[63, 47]],

       [[64, 47]],

       [[65, 47]],

       [[66, 47]],

       [[67, 47]],

       [[68, 47]],

       [[69, 47]],

       [[69, 46]],

       [[69, 45]],

       [[69, 44]],

       [[69, 43]],

       [[69, 42]],

       [[69, 41]],

       [[69, 40]],

       [[69, 39]],

       [[69, 38]],

       [[69, 37]],

       [[69, 36]],

       [[69, 35]],

       [[69, 34]],

       [[69, 33]],

       [[69, 32]],

       [[69, 31]],

       [[69, 30]],

       [[69, 29]],

       [[69, 28]],

       [[69, 27]],

       [[69, 26]],

       [[69, 27]],

       [[68, 28]],

       [[67, 29]],

       [[66, 28]],

       [[65, 28]],

       [[64, 28]],

       [[63, 28]],

       [[62, 28]],

       [[61, 27]],

       [[60, 27]]], dtype=int32), array([[[ 0, 23]],

       [[ 0, 24]],

       [[ 0, 25]],

       [[ 0, 26]],

       [[ 0, 27]],

       [[ 0, 28]],

       [[ 0, 29]],

       [[ 0, 30]],

       [[ 0, 31]],

       [[ 0, 32]],

       [[ 0, 33]],

       [[ 0, 34]],

       [[ 0, 35]],

       [[ 0, 36]],

       [[ 0, 37]],

       [[ 0, 38]],

       [[ 0, 39]],

       [[ 0, 40]],

       [[ 0, 41]],

       [[ 0, 42]],

       [[ 0, 43]],

       [[ 0, 44]],

       [[ 0, 45]],

       [[ 0, 46]],

       [[ 0, 47]],

       [[ 1, 47]],

       [[ 2, 47]],

       [[ 3, 47]],

       [[ 4, 47]],

       [[ 5, 47]],

       [[ 5, 46]],

       [[ 4, 45]],

       [[ 3, 44]],

       [[ 2, 43]],

       [[ 2, 42]],

       [[ 1, 41]],

       [[ 1, 40]],

       [[ 1, 39]],

       [[ 1, 38]],

       [[ 1, 37]],

       [[ 1, 36]],

       [[ 0, 35]],

       [[ 0, 34]],

       [[ 0, 33]],

       [[ 0, 32]],

       [[ 1, 31]],

       [[ 1, 30]],

       [[ 2, 29]],

       [[ 2, 28]],

       [[ 1, 27]],

       [[ 1, 26]],

       [[ 0, 25]],

       [[ 0, 24]]], dtype=int32), array([[[45,  0]],

       [[46,  0]],

       [[47,  0]],

       [[48,  0]],

       [[49,  0]],

       [[50,  1]],

       [[51,  1]],

       [[52,  2]],

       [[53,  2]],

       [[54,  3]],

       [[55,  3]],

       [[56,  3]],

       [[57,  4]],

       [[58,  5]],

       [[59,  6]],

       [[59,  7]],

       [[60,  8]],

       [[61,  8]],

       [[62,  9]],

       [[63,  9]],

       [[64, 10]],

       [[65, 11]],

       [[65, 12]],

       [[65, 13]],

       [[65, 14]],

       [[65, 15]],

       [[66, 15]],

       [[67, 16]],

       [[68, 16]],

       [[69, 17]],

       [[69, 16]],

       [[69, 15]],

       [[69, 14]],

       [[69, 13]],

       [[69, 12]],

       [[69, 11]],

       [[69, 10]],

       [[69,  9]],

       [[69,  8]],

       [[69,  7]],

       [[69,  6]],

       [[69,  5]],

       [[69,  4]],

       [[69,  3]],

       [[69,  2]],

       [[69,  1]],

       [[69,  0]],

       [[68,  0]],

       [[67,  0]],

       [[66,  0]],

       [[65,  0]],

       [[64,  0]],

       [[63,  0]],

       [[62,  0]],

       [[61,  0]],

       [[60,  0]],

       [[59,  0]],

       [[58,  0]],

       [[57,  0]],

       [[56,  0]],

       [[55,  0]],

       [[54,  0]],

       [[53,  0]],

       [[52,  0]],

       [[51,  0]],

       [[50,  0]],

       [[49,  0]],

       [[48,  0]],

       [[47,  0]],

       [[46,  0]]], dtype=int32), array([[[ 0,  0]],

       [[ 0,  1]],

       [[ 0,  2]],

       [[ 0,  3]],

       [[ 0,  4]],

       [[ 0,  5]],

       [[ 0,  6]],

       [[ 0,  7]],

       [[ 0,  8]],

       [[ 1,  7]],

       [[ 2,  6]],

       [[ 3,  6]],

       [[ 4,  5]],

       [[ 5,  5]],

       [[ 6,  5]],

       [[ 7,  4]],

       [[ 8,  3]],

       [[ 9,  2]],

       [[10,  1]],

       [[11,  1]],

       [[12,  1]],

       [[13,  1]],

       [[14,  1]],

       [[15,  1]],

       [[16,  1]],

       [[17,  1]],

       [[18,  1]],

       [[19,  1]],

       [[20,  1]],

       [[21,  0]],

       [[22,  0]],

       [[23,  0]],

       [[22,  0]],

       [[21,  0]],

       [[20,  0]],

       [[19,  0]],

       [[18,  0]],

       [[17,  0]],

       [[16,  0]],

       [[15,  0]],

       [[14,  0]],

       [[13,  0]],

       [[12,  0]],

       [[11,  0]],

       [[10,  0]],

       [[ 9,  0]],

       [[ 8,  0]],

       [[ 7,  0]],

       [[ 6,  0]],

       [[ 5,  0]],

       [[ 4,  0]],

       [[ 3,  0]],

       [[ 2,  0]],

       [[ 1,  0]]], dtype=int32))"
crop26.png;"[ 2.86629841e-03  6.45328383e+01  9.80190565e-01  1.63808507e+03
  3.41535545e-01  1.02399370e+02  6.48780744e+03  7.17762447e+00
  9.54372429e+00  8.75358004e-04  3.55166242e+00 -4.61304934e-01
  9.98241328e-01]";"[[  0.]
 [  0.]
 [  0.]
 [  0.]
 [  0.]
 [  0.]
 [  0.]
 [ 14.]
 [ 29.]
 [ 38.]
 [ 80.]
 [108.]
 [ 76.]
 [ 87.]
 [101.]
 [125.]
 [130.]
 [ 88.]
 [ 93.]
 [ 96.]
 [ 92.]
 [110.]
 [117.]
 [113.]
 [ 90.]
 [ 92.]
 [ 86.]
 [ 67.]
 [ 64.]
 [ 49.]
 [ 51.]
 [ 38.]
 [ 52.]
 [ 37.]
 [ 32.]
 [ 25.]
 [ 44.]
 [ 30.]
 [ 28.]
 [ 22.]
 [ 26.]
 [ 34.]
 [ 30.]
 [ 34.]
 [ 30.]
 [ 31.]
 [ 20.]
 [ 34.]
 [ 24.]
 [ 18.]
 [ 23.]
 [ 24.]
 [ 13.]
 [ 12.]
 [ 12.]
 [ 13.]
 [ 12.]
 [ 12.]
 [  6.]
 [  5.]
 [  5.]
 [  7.]
 [  5.]
 [  4.]
 [  5.]
 [  8.]
 [ 10.]
 [  7.]
 [  7.]
 [  3.]
 [  7.]
 [  4.]
 [  4.]
 [  2.]
 [  3.]
 [  7.]
 [  6.]
 [  5.]
 [  4.]
 [  3.]
 [  2.]
 [  8.]
 [  6.]
 [  3.]
 [  7.]
 [  4.]
 [  4.]
 [  4.]
 [  5.]
 [  6.]
 [  4.]
 [  3.]
 [  7.]
 [  7.]
 [  3.]
 [  1.]
 [  6.]
 [  5.]
 [  6.]
 [  7.]
 [  2.]
 [  6.]
 [  7.]
 [  8.]
 [  5.]
 [  6.]
 [  4.]
 [  4.]
 [  4.]
 [  4.]
 [  7.]
 [  4.]
 [  3.]
 [  4.]
 [  8.]
 [  9.]
 [  4.]
 [  9.]
 [  4.]
 [  7.]
 [  6.]
 [  7.]
 [  2.]
 [  5.]
 [  3.]
 [  6.]
 [  8.]
 [ 11.]
 [  4.]
 [ 11.]
 [  8.]
 [  5.]
 [ 12.]
 [  8.]
 [  8.]
 [ 10.]
 [ 10.]
 [  9.]
 [  7.]
 [ 13.]
 [ 13.]
 [ 13.]
 [ 20.]
 [ 14.]
 [ 20.]
 [ 20.]
 [ 20.]
 [ 19.]
 [ 25.]
 [ 40.]
 [ 34.]
 [ 35.]
 [ 32.]
 [ 26.]
 [ 17.]
 [ 17.]
 [ 12.]
 [  0.]
 [  0.]
 [  0.]
 [  0.]
 [  0.]
 [  0.]
 [  0.]
 [  0.]
 [  0.]
 [  0.]
 [  0.]
 [  0.]
 [  0.]
 [  0.]
 [  0.]
 [  0.]
 [  0.]
 [  0.]
 [  0.]
 [  0.]
 [  0.]
 [  0.]
 [  0.]
 [  0.]
 [  0.]
 [  0.]
 [  0.]
 [  0.]
 [  0.]
 [  0.]
 [  0.]
 [  0.]
 [  0.]
 [  0.]
 [  0.]
 [  0.]
 [  0.]
 [  0.]
 [  0.]
 [  0.]
 [  0.]
 [  0.]
 [  0.]
 [  0.]
 [  0.]
 [  0.]
 [  0.]
 [  0.]
 [  0.]
 [  0.]
 [  0.]
 [  0.]
 [  0.]
 [  0.]
 [  0.]
 [  0.]
 [  0.]
 [  0.]
 [  0.]
 [  0.]
 [  0.]
 [  0.]
 [  0.]
 [  0.]
 [  0.]
 [  0.]
 [  0.]
 [  0.]
 [  0.]
 [  0.]
 [  0.]
 [  0.]
 [  0.]
 [  0.]
 [  0.]
 [  0.]
 [  0.]
 [  0.]
 [  0.]
 [  0.]
 [  0.]
 [  0.]
 [  0.]
 [  0.]
 [  0.]
 [  0.]
 [  0.]
 [  0.]
 [  0.]
 [  0.]
 [  0.]
 [  0.]
 [  0.]
 [  0.]
 [  0.]
 [  0.]
 [  0.]
 [  0.]
 [  0.]]";"(array([[[ 0, 29]],

       [[ 0, 30]],

       [[ 0, 31]],

       [[ 0, 32]],

       [[ 0, 33]],

       [[ 0, 34]],

       [[ 0, 35]],

       [[ 0, 36]],

       [[ 0, 37]],

       [[ 0, 38]],

       [[ 0, 39]],

       [[ 1, 39]],

       [[ 2, 39]],

       [[ 3, 39]],

       [[ 4, 39]],

       [[ 5, 39]],

       [[ 6, 39]],

       [[ 7, 39]],

       [[ 8, 39]],

       [[ 9, 39]],

       [[10, 39]],

       [[11, 39]],

       [[12, 39]],

       [[13, 39]],

       [[14, 39]],

       [[15, 39]],

       [[16, 39]],

       [[17, 39]],

       [[18, 39]],

       [[19, 39]],

       [[20, 39]],

       [[21, 39]],

       [[22, 39]],

       [[23, 39]],

       [[24, 39]],

       [[25, 39]],

       [[26, 39]],

       [[27, 39]],

       [[28, 39]],

       [[29, 39]],

       [[30, 39]],

       [[31, 39]],

       [[32, 39]],

       [[33, 39]],

       [[34, 39]],

       [[35, 39]],

       [[36, 39]],

       [[37, 39]],

       [[38, 39]],

       [[39, 39]],

       [[40, 39]],

       [[41, 39]],

       [[42, 39]],

       [[43, 39]],

       [[44, 39]],

       [[45, 39]],

       [[46, 39]],

       [[47, 39]],

       [[48, 39]],

       [[47, 39]],

       [[46, 39]],

       [[45, 39]],

       [[44, 38]],

       [[43, 38]],

       [[42, 37]],

       [[41, 37]],

       [[40, 37]],

       [[39, 37]],

       [[38, 37]],

       [[37, 37]],

       [[36, 37]],

       [[35, 37]],

       [[34, 37]],

       [[33, 37]],

       [[32, 37]],

       [[31, 37]],

       [[30, 36]],

       [[29, 37]],

       [[28, 37]],

       [[27, 37]],

       [[26, 37]],

       [[25, 37]],

       [[24, 37]],

       [[23, 37]],

       [[22, 38]],

       [[21, 38]],

       [[20, 38]],

       [[19, 38]],

       [[18, 38]],

       [[17, 38]],

       [[16, 38]],

       [[15, 37]],

       [[14, 37]],

       [[13, 36]],

       [[12, 37]],

       [[11, 36]],

       [[10, 36]],

       [[ 9, 36]],

       [[ 8, 36]],

       [[ 7, 35]],

       [[ 6, 35]],

       [[ 5, 35]],

       [[ 4, 34]],

       [[ 4, 33]],

       [[ 3, 32]],

       [[ 2, 31]],

       [[ 1, 30]]], dtype=int32), array([[[88, 11]],

       [[87, 12]],

       [[86, 13]],

       [[86, 14]],

       [[85, 15]],

       [[86, 16]],

       [[85, 17]],

       [[84, 18]],

       [[84, 19]],

       [[83, 20]],

       [[83, 21]],

       [[83, 22]],

       [[83, 23]],

       [[82, 24]],

       [[82, 25]],

       [[81, 26]],

       [[80, 27]],

       [[79, 28]],

       [[78, 28]],

       [[77, 29]],

       [[76, 30]],

       [[75, 31]],

       [[74, 31]],

       [[73, 32]],

       [[73, 33]],

       [[73, 34]],

       [[72, 35]],

       [[72, 36]],

       [[72, 37]],

       [[71, 38]],

       [[70, 38]],

       [[69, 39]],

       [[68, 39]],

       [[67, 39]],

       [[68, 39]],

       [[69, 39]],

       [[70, 39]],

       [[71, 39]],

       [[72, 39]],

       [[73, 39]],

       [[74, 39]],

       [[75, 39]],

       [[76, 39]],

       [[77, 39]],

       [[78, 39]],

       [[79, 39]],

       [[80, 39]],

       [[81, 39]],

       [[82, 39]],

       [[83, 39]],

       [[84, 39]],

       [[85, 39]],

       [[86, 39]],

       [[87, 39]],

       [[88, 39]],

       [[88, 38]],

       [[88, 37]],

       [[88, 36]],

       [[88, 35]],

       [[88, 34]],

       [[88, 33]],

       [[88, 32]],

       [[88, 31]],

       [[88, 30]],

       [[88, 29]],

       [[88, 28]],

       [[88, 27]],

       [[88, 26]],

       [[88, 25]],

       [[88, 24]],

       [[88, 23]],

       [[88, 22]],

       [[88, 21]],

       [[88, 20]],

       [[88, 19]],

       [[88, 18]],

       [[88, 17]],

       [[88, 16]],

       [[88, 15]],

       [[88, 14]],

       [[88, 13]],

       [[88, 12]]], dtype=int32), array([[[0, 0]],

       [[0, 1]],

       [[0, 2]],

       [[0, 3]],

       [[0, 4]],

       [[0, 5]],

       [[0, 4]],

       [[1, 3]],

       [[1, 2]],

       [[1, 1]],

       [[2, 0]],

       [[1, 0]]], dtype=int32))"
crop5.png;"[ 2.06093991e-03  2.60329398e+02  9.32495084e-01  1.93093774e+03
  1.32888821e-01  1.97833145e+02  7.46342158e+03  7.32015963e+00
  9.12327846e+00  2.48037304e-04  4.81367070e+00 -6.28290634e-01
  9.99881989e-01]";"[[ 0.]
 [ 0.]
 [ 0.]
 [ 0.]
 [ 0.]
 [ 0.]
 [ 0.]
 [ 0.]
 [ 0.]
 [ 0.]
 [ 0.]
 [ 0.]
 [ 0.]
 [ 0.]
 [ 0.]
 [ 0.]
 [ 0.]
 [ 0.]
 [ 0.]
 [ 0.]
 [ 0.]
 [ 2.]
 [ 2.]
 [ 2.]
 [ 0.]
 [ 2.]
 [ 2.]
 [ 3.]
 [ 2.]
 [ 1.]
 [ 1.]
 [ 3.]
 [ 2.]
 [ 4.]
 [ 2.]
 [ 1.]
 [ 3.]
 [ 2.]
 [ 5.]
 [ 2.]
 [ 4.]
 [ 3.]
 [ 1.]
 [ 6.]
 [ 2.]
 [ 3.]
 [ 4.]
 [ 2.]
 [ 4.]
 [ 2.]
 [ 6.]
 [ 1.]
 [ 3.]
 [ 4.]
 [ 2.]
 [ 1.]
 [ 4.]
 [ 0.]
 [ 3.]
 [ 1.]
 [ 4.]
 [ 1.]
 [ 1.]
 [ 1.]
 [ 1.]
 [ 1.]
 [ 3.]
 [ 4.]
 [ 5.]
 [ 2.]
 [ 2.]
 [ 4.]
 [ 6.]
 [ 3.]
 [ 3.]
 [ 2.]
 [ 4.]
 [ 2.]
 [ 1.]
 [ 0.]
 [ 3.]
 [ 4.]
 [ 2.]
 [ 3.]
 [ 1.]
 [ 1.]
 [ 0.]
 [ 1.]
 [ 0.]
 [ 2.]
 [ 3.]
 [ 1.]
 [ 3.]
 [ 1.]
 [ 4.]
 [ 4.]
 [ 2.]
 [ 5.]
 [ 1.]
 [ 0.]
 [ 2.]
 [ 3.]
 [ 0.]
 [ 3.]
 [ 2.]
 [ 2.]
 [ 2.]
 [ 0.]
 [ 2.]
 [ 3.]
 [ 0.]
 [ 3.]
 [ 0.]
 [ 1.]
 [ 3.]
 [ 1.]
 [ 0.]
 [ 2.]
 [ 2.]
 [ 3.]
 [ 1.]
 [ 1.]
 [ 1.]
 [ 1.]
 [ 2.]
 [ 2.]
 [ 1.]
 [ 1.]
 [ 3.]
 [ 1.]
 [ 5.]
 [ 0.]
 [ 1.]
 [ 0.]
 [ 4.]
 [ 3.]
 [ 1.]
 [ 1.]
 [ 2.]
 [ 1.]
 [ 0.]
 [ 4.]
 [ 1.]
 [ 1.]
 [ 3.]
 [ 6.]
 [ 2.]
 [ 1.]
 [ 1.]
 [ 1.]
 [ 0.]
 [ 4.]
 [ 3.]
 [ 5.]
 [ 3.]
 [ 3.]
 [ 2.]
 [ 5.]
 [ 3.]
 [ 5.]
 [ 6.]
 [ 7.]
 [11.]
 [ 5.]
 [ 6.]
 [ 4.]
 [10.]
 [ 7.]
 [ 6.]
 [ 4.]
 [ 6.]
 [ 1.]
 [ 0.]
 [ 0.]
 [ 0.]
 [ 0.]
 [ 0.]
 [ 0.]
 [ 0.]
 [ 0.]
 [ 0.]
 [ 0.]
 [ 0.]
 [ 0.]
 [ 0.]
 [ 0.]
 [ 0.]
 [ 0.]
 [ 0.]
 [ 0.]
 [ 0.]
 [ 0.]
 [ 0.]
 [ 0.]
 [ 0.]
 [ 0.]
 [ 0.]
 [ 0.]
 [ 0.]
 [ 0.]
 [ 0.]
 [ 0.]
 [ 0.]
 [ 0.]
 [ 0.]
 [ 0.]
 [ 0.]
 [ 0.]
 [ 0.]
 [ 0.]
 [ 0.]
 [ 0.]
 [ 0.]
 [ 0.]
 [ 0.]
 [ 0.]
 [ 0.]
 [ 0.]
 [ 0.]
 [ 0.]
 [ 0.]
 [ 0.]
 [ 0.]
 [ 0.]
 [ 0.]
 [ 0.]
 [ 0.]
 [ 0.]
 [ 0.]
 [ 0.]
 [ 0.]
 [ 0.]
 [ 0.]
 [ 0.]
 [ 0.]
 [ 0.]
 [ 0.]
 [ 0.]
 [ 0.]
 [ 0.]
 [ 0.]
 [ 0.]
 [ 0.]
 [ 0.]
 [ 0.]
 [ 0.]
 [ 0.]
 [ 0.]
 [ 0.]
 [ 0.]
 [ 0.]
 [ 0.]
 [ 0.]
 [ 0.]
 [ 0.]
 [ 0.]]";"(array([[[ 0, 16]],

       [[ 0, 17]],

       [[ 0, 18]],

       [[ 0, 19]],

       [[ 1, 19]],

       [[ 2, 19]],

       [[ 3, 19]],

       [[ 4, 19]],

       [[ 5, 19]],

       [[ 5, 18]],

       [[ 5, 17]],

       [[ 4, 17]],

       [[ 3, 17]],

       [[ 2, 17]],

       [[ 1, 17]]], dtype=int32), array([[[18, 12]],

       [[17, 13]],

       [[17, 14]],

       [[18, 15]],

       [[17, 16]],

       [[16, 17]],

       [[15, 18]],

       [[14, 18]],

       [[14, 19]],

       [[15, 19]],

       [[16, 19]],

       [[17, 19]],

       [[18, 19]],

       [[18, 18]],

       [[18, 17]],

       [[18, 16]],

       [[18, 15]],

       [[18, 14]],

       [[18, 13]]], dtype=int32), array([[[ 0,  0]],

       [[ 0,  1]],

       [[ 0,  2]],

       [[ 0,  3]],

       [[ 0,  4]],

       [[ 0,  5]],

       [[ 0,  6]],

       [[ 0,  7]],

       [[ 0,  8]],

       [[ 0,  9]],

       [[ 0, 10]],

       [[ 0, 11]],

       [[ 0, 12]],

       [[ 1, 11]],

       [[ 1, 10]],

       [[ 2,  9]],

       [[ 3,  8]],

       [[ 4,  7]],

       [[ 5,  6]],

       [[ 6,  6]],

       [[ 7,  6]],

       [[ 8,  5]],

       [[ 9,  5]],

       [[ 9,  4]],

       [[10,  3]],

       [[11,  3]],

       [[12,  2]],

       [[13,  1]],

       [[14,  0]],

       [[15,  0]],

       [[14,  0]],

       [[13,  0]],

       [[12,  0]],

       [[11,  0]],

       [[10,  0]],

       [[ 9,  0]],

       [[ 8,  0]],

       [[ 7,  0]],

       [[ 6,  0]],

       [[ 5,  0]],

       [[ 4,  0]],

       [[ 3,  0]],

       [[ 2,  0]],

       [[ 1,  0]]], dtype=int32))"
crop8.png;"[ 5.05397158e-03  1.18568084e+02  9.82901977e-01  3.47767990e+03
  3.99037991e-01  1.26108688e+02  1.37921515e+04  7.08974062e+00
  9.18054011e+00  9.16466497e-04  3.60077590e+00 -4.98267331e-01
  9.98825436e-01]";"[[  0.]
 [  7.]
 [ 20.]
 [ 45.]
 [ 83.]
 [177.]
 [247.]
 [242.]
 [243.]
 [233.]
 [208.]
 [141.]
 [ 92.]
 [ 54.]
 [ 50.]
 [ 52.]
 [ 43.]
 [ 36.]
 [ 29.]
 [ 37.]
 [ 26.]
 [ 20.]
 [ 30.]
 [ 25.]
 [ 17.]
 [ 24.]
 [ 21.]
 [ 18.]
 [ 17.]
 [ 17.]
 [ 21.]
 [ 21.]
 [ 21.]
 [ 16.]
 [ 15.]
 [ 12.]
 [  9.]
 [ 19.]
 [ 13.]
 [ 11.]
 [ 12.]
 [  8.]
 [ 12.]
 [  5.]
 [  8.]
 [  9.]
 [ 11.]
 [ 11.]
 [ 14.]
 [  5.]
 [  9.]
 [  7.]
 [ 10.]
 [ 11.]
 [  5.]
 [  5.]
 [  4.]
 [  6.]
 [  8.]
 [  9.]
 [  4.]
 [ 10.]
 [  4.]
 [  3.]
 [  3.]
 [  5.]
 [  8.]
 [  6.]
 [  3.]
 [  5.]
 [ 14.]
 [  4.]
 [  7.]
 [  5.]
 [  6.]
 [  3.]
 [  4.]
 [  4.]
 [  7.]
 [  5.]
 [  5.]
 [  6.]
 [  3.]
 [  6.]
 [  6.]
 [  9.]
 [ 11.]
 [  7.]
 [  4.]
 [  5.]
 [  2.]
 [  4.]
 [  4.]
 [  2.]
 [  5.]
 [  3.]
 [  3.]
 [  3.]
 [ 11.]
 [  8.]
 [  2.]
 [  3.]
 [  8.]
 [  2.]
 [  6.]
 [  9.]
 [  7.]
 [  8.]
 [  2.]
 [  2.]
 [  4.]
 [  7.]
 [  2.]
 [  6.]
 [  9.]
 [  3.]
 [  5.]
 [  8.]
 [  7.]
 [  4.]
 [  3.]
 [  5.]
 [  5.]
 [  8.]
 [  8.]
 [  6.]
 [  4.]
 [  7.]
 [  5.]
 [  6.]
 [  6.]
 [ 12.]
 [  6.]
 [  8.]
 [  4.]
 [  6.]
 [  4.]
 [  9.]
 [  5.]
 [  6.]
 [  9.]
 [  7.]
 [  6.]
 [  8.]
 [ 10.]
 [  8.]
 [ 12.]
 [  6.]
 [ 12.]
 [  9.]
 [ 10.]
 [ 12.]
 [  8.]
 [ 14.]
 [ 11.]
 [ 11.]
 [ 12.]
 [ 13.]
 [  8.]
 [ 20.]
 [ 21.]
 [ 24.]
 [ 19.]
 [ 32.]
 [ 40.]
 [ 55.]
 [ 62.]
 [106.]
 [177.]
 [ 95.]
 [ 58.]
 [ 58.]
 [ 40.]
 [  9.]
 [  3.]
 [  0.]
 [  0.]
 [  0.]
 [  0.]
 [  0.]
 [  0.]
 [  0.]
 [  0.]
 [  0.]
 [  0.]
 [  0.]
 [  0.]
 [  0.]
 [  0.]
 [  0.]
 [  0.]
 [  0.]
 [  0.]
 [  0.]
 [  0.]
 [  0.]
 [  0.]
 [  0.]
 [  0.]
 [  0.]
 [  0.]
 [  0.]
 [  0.]
 [  0.]
 [  0.]
 [  0.]
 [  0.]
 [  0.]
 [  0.]
 [  0.]
 [  0.]
 [  0.]
 [  0.]
 [  0.]
 [  0.]
 [  0.]
 [  0.]
 [  0.]
 [  0.]
 [  0.]
 [  0.]
 [  0.]
 [  0.]
 [  0.]
 [  0.]
 [  0.]
 [  0.]
 [  0.]
 [  0.]
 [  0.]
 [  0.]
 [  0.]
 [  0.]
 [  0.]
 [  0.]
 [  0.]
 [  0.]
 [  0.]
 [  0.]
 [  0.]
 [  0.]
 [  0.]
 [  0.]
 [  0.]
 [  0.]
 [  0.]
 [  0.]
 [  0.]
 [  0.]
 [  0.]
 [  0.]
 [  0.]
 [  0.]
 [  0.]
 [  0.]
 [  0.]]";"(array([[[64, 41]],

       [[63, 42]],

       [[63, 43]],

       [[62, 44]],

       [[61, 45]],

       [[61, 46]],

       [[61, 47]],

       [[61, 48]],

       [[60, 49]],

       [[60, 50]],

       [[59, 51]],

       [[58, 52]],

       [[57, 53]],

       [[56, 54]],

       [[55, 55]],

       [[54, 56]],

       [[53, 57]],

       [[52, 58]],

       [[51, 59]],

       [[50, 60]],

       [[50, 61]],

       [[51, 61]],

       [[52, 61]],

       [[53, 61]],

       [[54, 61]],

       [[55, 61]],

       [[56, 61]],

       [[57, 61]],

       [[58, 61]],

       [[59, 61]],

       [[60, 61]],

       [[61, 61]],

       [[62, 61]],

       [[63, 61]],

       [[64, 61]],

       [[64, 60]],

       [[64, 59]],

       [[64, 58]],

       [[64, 57]],

       [[64, 56]],

       [[64, 55]],

       [[64, 54]],

       [[64, 53]],

       [[64, 52]],

       [[64, 51]],

       [[64, 50]],

       [[64, 49]],

       [[64, 48]],

       [[64, 47]],

       [[64, 46]],

       [[64, 45]],

       [[64, 44]],

       [[64, 43]],

       [[64, 42]]], dtype=int32), array([[[ 0, 19]],

       [[ 0, 20]],

       [[ 0, 21]],

       [[ 0, 22]],

       [[ 0, 23]],

       [[ 0, 24]],

       [[ 0, 25]],

       [[ 0, 26]],

       [[ 0, 27]],

       [[ 0, 28]],

       [[ 0, 29]],

       [[ 0, 30]],

       [[ 0, 31]],

       [[ 0, 32]],

       [[ 0, 33]],

       [[ 0, 34]],

       [[ 0, 35]],

       [[ 0, 36]],

       [[ 0, 37]],

       [[ 0, 38]],

       [[ 0, 39]],

       [[ 0, 40]],

       [[ 0, 41]],

       [[ 0, 42]],

       [[ 0, 43]],

       [[ 0, 44]],

       [[ 0, 45]],

       [[ 0, 46]],

       [[ 0, 47]],

       [[ 0, 48]],

       [[ 0, 49]],

       [[ 0, 50]],

       [[ 0, 51]],

       [[ 0, 52]],

       [[ 0, 53]],

       [[ 0, 54]],

       [[ 0, 55]],

       [[ 0, 56]],

       [[ 0, 57]],

       [[ 0, 58]],

       [[ 0, 59]],

       [[ 0, 60]],

       [[ 0, 61]],

       [[ 1, 61]],

       [[ 2, 61]],

       [[ 3, 61]],

       [[ 4, 61]],

       [[ 5, 61]],

       [[ 6, 61]],

       [[ 7, 61]],

       [[ 8, 61]],

       [[ 9, 61]],

       [[10, 61]],

       [[11, 61]],

       [[12, 61]],

       [[13, 61]],

       [[14, 61]],

       [[15, 61]],

       [[16, 61]],

       [[17, 61]],

       [[18, 61]],

       [[19, 61]],

       [[20, 61]],

       [[21, 61]],

       [[22, 61]],

       [[23, 61]],

       [[24, 61]],

       [[25, 61]],

       [[26, 61]],

       [[27, 61]],

       [[28, 61]],

       [[29, 61]],

       [[30, 61]],

       [[31, 61]],

       [[32, 61]],

       [[33, 61]],

       [[34, 61]],

       [[35, 61]],

       [[36, 61]],

       [[36, 60]],

       [[35, 59]],

       [[34, 58]],

       [[33, 57]],

       [[33, 56]],

       [[32, 55]],

       [[31, 55]],

       [[30, 55]],

       [[29, 54]],

       [[28, 54]],

       [[27, 54]],

       [[26, 53]],

       [[25, 53]],

       [[24, 53]],

       [[23, 52]],

       [[22, 52]],

       [[21, 51]],

       [[20, 50]],

       [[19, 49]],

       [[19, 48]],

       [[18, 47]],

       [[17, 47]],

       [[16, 47]],

       [[15, 47]],

       [[14, 48]],

       [[13, 47]],

       [[12, 46]],

       [[11, 45]],

       [[10, 44]],

       [[ 9, 43]],

       [[ 8, 42]],

       [[ 7, 41]],

       [[ 7, 40]],

       [[ 6, 39]],

       [[ 5, 38]],

       [[ 4, 37]],

       [[ 4, 36]],

       [[ 3, 35]],

       [[ 3, 34]],

       [[ 4, 33]],

       [[ 4, 32]],

       [[ 5, 31]],

       [[ 4, 30]],

       [[ 4, 29]],

       [[ 3, 28]],

       [[ 3, 27]],

       [[ 2, 26]],

       [[ 2, 25]],

       [[ 2, 24]],

       [[ 1, 23]],

       [[ 1, 22]],

       [[ 0, 21]],

       [[ 0, 20]]], dtype=int32), array([[[30,  0]],

       [[31,  1]],

       [[32,  1]],

       [[33,  1]],

       [[34,  1]],

       [[35,  1]],

       [[36,  1]],

       [[37,  1]],

       [[38,  1]],

       [[39,  0]],

       [[40,  0]],

       [[41,  0]],

       [[42,  1]],

       [[43,  2]],

       [[44,  2]],

       [[45,  3]],

       [[46,  3]],

       [[47,  4]],

       [[48,  4]],

       [[49,  4]],

       [[50,  5]],

       [[51,  6]],

       [[52,  7]],

       [[53,  8]],

       [[54,  9]],

       [[54, 10]],

       [[55, 11]],

       [[56, 12]],

       [[56, 13]],

       [[57, 14]],

       [[57, 15]],

       [[57, 16]],

       [[58, 17]],

       [[58, 18]],

       [[59, 19]],

       [[59, 20]],

       [[59, 21]],

       [[60, 22]],

       [[61, 22]],

       [[62, 23]],

       [[63, 24]],

       [[64, 25]],

       [[64, 26]],

       [[64, 27]],

       [[64, 28]],

       [[64, 29]],

       [[64, 30]],

       [[64, 29]],

       [[64, 28]],

       [[64, 27]],

       [[64, 26]],

       [[64, 25]],

       [[64, 24]],

       [[64, 23]],

       [[64, 22]],

       [[64, 21]],

       [[64, 20]],

       [[64, 19]],

       [[64, 18]],

       [[64, 17]],

       [[64, 16]],

       [[64, 15]],

       [[64, 14]],

       [[64, 13]],

       [[64, 12]],

       [[64, 11]],

       [[64, 10]],

       [[64,  9]],

       [[64,  8]],

       [[64,  7]],

       [[64,  6]],

       [[64,  5]],

       [[64,  4]],

       [[64,  3]],

       [[64,  2]],

       [[64,  1]],

       [[64,  0]],

       [[63,  0]],

       [[62,  0]],

       [[61,  0]],

       [[60,  0]],

       [[59,  0]],

       [[58,  0]],

       [[57,  0]],

       [[56,  0]],

       [[55,  0]],

       [[54,  0]],

       [[53,  0]],

       [[52,  0]],

       [[51,  0]],

       [[50,  0]],

       [[49,  0]],

       [[48,  0]],

       [[47,  0]],

       [[46,  0]],

       [[45,  0]],

       [[44,  0]],

       [[43,  0]],

       [[42,  0]],

       [[41,  0]],

       [[40,  0]],

       [[39,  0]],

       [[38,  0]],

       [[37,  0]],

       [[36,  0]],

       [[35,  0]],

       [[34,  0]],

       [[33,  0]],

       [[32,  0]],

       [[31,  0]]], dtype=int32), array([[[23,  0]],

       [[24,  0]],

       [[25,  0]],

       [[26,  0]],

       [[27,  0]],

       [[26,  0]],

       [[25,  0]],

       [[24,  0]]], dtype=int32), array([[[0, 0]],

       [[0, 1]],

       [[0, 2]],

       [[0, 3]],

       [[0, 4]],

       [[0, 5]],

       [[0, 6]],

       [[1, 5]],

       [[1, 4]],

       [[2, 3]],

       [[3, 2]],

       [[4, 2]],

       [[5, 1]],

       [[6, 1]],

       [[7, 0]],

       [[6, 0]],

       [[5, 0]],

       [[4, 0]],

       [[3, 0]],

       [[2, 0]],

       [[1, 0]]], dtype=int32))"
